Texto de la reseña,Etiqueta
Una obra maestra del cine español. La atmósfera es envolvente y la historia te atrapa de principio a fin.,POS
"La fotografía es espectacular, cada plano parece una pintura. Gran dirección.",POS
Un thriller policíaco que mantiene la tensión y el misterio hasta el último minuto.,POS
Las actuaciones de los protagonistas son sobresalientes. Un gran trabajo interpretativo.,POS
"La ambientación es increíble, realmente te transporta a la España de los 80.",POS
"Excelente manejo del ritmo narrativo, con giros bien construidos.",POS
"La música es otro de los grandes aciertos, complementa a la perfección la historia.",POS
"Un guion sólido y bien estructurado, sin fisuras ni escenas innecesarias.",POS
El final es impactante y deja una sensación de inquietud. Muy bien logrado.,POS
Una película que demuestra que el cine español está al nivel de los grandes thrillers internacionales.,POS
El director logra un gran equilibrio entre la historia policial y el contexto social.,POS
"Gran trabajo de fotografía, mostrando paisajes únicos y una estética oscura.",POS
Una historia absorbente que engancha desde los primeros minutos.,POS
"No hay un solo personaje desaprovechado, todos aportan al desarrollo de la trama.",POS
El diseño de producción y la dirección artística son de primer nivel.,POS
"Un thriller con una atmósfera densa e inquietante, que te deja sin aliento.",POS
"Las actuaciones secundarias también son dignas de mención, todos brillan en sus roles.",POS
Una película que mezcla lo mejor del cine negro con el contexto histórico de la Transición.,POS
"La tensión nunca decae, es una historia bien construida de principio a fin.",POS
Una joya del cine español que merece ser vista y analizada en detalle.,POS
La historia avanza muy lentamente y se siente tediosa en varios momentos.,NEG
El guion es predecible y no aporta nada nuevo al género.,NEG
"Los personajes son planos y poco desarrollados, no logran generar empatía.",NEG
"Intentan construir una atmósfera oscura, pero no lo logran del todo.",NEG
"La resolución del caso es decepcionante, esperaba algo más impactante.",NEG
"Se nota que el director quiere imitar a los grandes thrillers, pero no lo consigue.",NEG
"La película tiene momentos de gran tensión, pero se diluye por un ritmo irregular.",NEG
Algunos diálogos parecen forzados y poco naturales.,NEG
"No entiendo la fascinación por esta película, es lenta y aburrida.",NEG
"La ambientación está lograda, pero no compensa una historia poco interesante.",NEG
Se siente como una película demasiado pretenciosa sin lograr realmente un impacto.,NEG
El final es insatisfactorio y deja muchas preguntas sin respuesta.,NEG
"Esperaba más de las actuaciones, no logran transmitir la tensión del caso.",NEG
Se desperdicia el potencial de una gran historia con una ejecución mediocre.,NEG
"Falta un mejor desarrollo de los personajes, apenas se profundiza en ellos.",NEG
A ratos parece que la película no sabe si quiere ser un thriller o un drama social.,NEG
"No consigue enganchar del todo, hay muchas escenas que parecen de relleno.",NEG
El ritmo es tan lento que cuesta mantener el interés hasta el final.,NEG
"Buena idea, pero mal ejecutada, se siente fría y distante.",NEG
"A pesar de la buena ambientación, la historia no termina de convencer.",NEG
Es una película interesante pero no llega a ser memorable.,NEU
"Buenas actuaciones, aunque la historia no me terminó de atrapar.",NEU
"Visualmente impactante, pero con un ritmo irregular.",NEU
"No es un mal thriller, pero he visto mejores dentro del cine español.",NEU
"La trama es intrigante, aunque tiene algunos momentos predecibles.",NEU
"Una película recomendable, aunque no es para todos los gustos.",NEU
"La ambientación es espectacular, pero la historia podría haber sido más intensa.",NEU
"No es la mejor película del director, pero es un buen intento.",NEU
Hay cosas que funcionan muy bien y otras que no tanto.,NEU
"Un buen thriller, aunque a veces se siente algo pausado.",NEU
"Un filme que deja sensaciones encontradas, tiene grandes momentos y otros más flojos.",NEU
"Me gustó la cinematografía, pero la historia no me pareció tan atrapante.",NEU
"El final me pareció un poco ambiguo, pero no está mal.",NEU
"Es un thriller correcto, aunque no aporta nada realmente novedoso.",NEU
"Se disfruta, pero no me dejó una gran impresión.",NEU
"Buenos elementos de suspenso, pero le falta algo de ritmo.",NEU
"La película tiene una buena estética, pero el guion no es muy innovador.",NEU
"Un thriller que cumple, aunque no sorprende demasiado.",NEU
"No es una mala película, pero esperaba algo más impactante.",NEU
"Tiene momentos muy logrados, pero en general es algo irregular.",NEU
Una obra maestra del cine fantástico que transporta al espectador a un mundo lleno de magia y aventura.,POS
"La dirección de Peter Jackson es impecable, capturando la esencia de la novela original con gran fidelidad.",POS
"Las actuaciones son sobresalientes, destacando la interpretación de Ian McKellen como Gandalf.",POS
La banda sonora de Howard Shore es épica y complementa perfectamente la atmósfera de la película.,POS
"Los efectos especiales y la cinematografía son impresionantes, creando escenas visualmente impactantes.",POS
La ambientación y los escenarios son tan detallados que hacen sentir al espectador parte de la Tierra Media.,POS
El desarrollo de los personajes es profundo y permite una conexión emocional con la audiencia.,POS
"La narrativa mantiene un equilibrio perfecto entre acción, drama y momentos de humor.",POS
"La película logra transmitir los temas de amistad, sacrificio y valentía de manera conmovedora.",POS
"Cada escena está cuidadosamente elaborada, reflejando el compromiso del equipo de producción con la calidad.",POS
"La química entre los miembros del elenco es palpable, fortaleciendo la credibilidad de la Comunidad del Anillo.",POS
La adaptación de la compleja trama del libro se realiza de manera coherente y accesible para el público general.,POS
"Las secuencias de batalla están coreografiadas magistralmente, ofreciendo momentos de gran tensión y emoción.",POS
El uso de locaciones reales en Nueva Zelanda aporta una autenticidad inigualable a los paisajes de la película.,POS
La película establece un nuevo estándar para el género de fantasía en el cine moderno.,POS
La combinación de efectos prácticos y digitales crea criaturas y entornos creíbles y fascinantes.,POS
El ritmo de la película mantiene al espectador enganchado durante toda su duración.,POS
La fidelidad al material original satisface a los fans de la obra de Tolkien.,POS
La película ofrece una experiencia cinematográfica inmersiva que deja una impresión duradera.,POS
Es una de las pocas adaptaciones que logra capturar la esencia y profundidad de su fuente literaria.,POS
La duración extensa puede hacer que algunos espectadores sientan que ciertas escenas se prolongan más de lo necesario.,NEG
"Algunas subtramas no se desarrollan completamente, dejando preguntas sin respuesta.",NEG
La complejidad de la historia puede ser difícil de seguir para quienes no han leído los libros.,NEG
La representación de ciertos personajes secundarios es superficial y carece de profundidad.,NEG
El ritmo pausado en algunas partes puede disminuir la intensidad de la narrativa.,NEG
La película deja varios cabos sueltos que requieren ver las secuelas para su resolución.,NEG
"Algunas escenas de acción, aunque visualmente impresionantes, pueden sentirse repetitivas.",NEG
"La película introduce numerosos personajes y lugares rápidamente, lo que puede ser confuso para algunos espectadores.",NEG
El enfoque en la construcción del mundo a veces eclipsa el desarrollo de la trama principal.,NEG
Algunas decisiones creativas en la adaptación pueden no satisfacer a todos los fans de la obra original.,NEG
La representación de ciertos grupos étnicos y culturales ha sido objeto de debate y crítica.,NEG
El uso de un lenguaje arcaico en los diálogos puede dificultar la comprensión para algunos espectadores.,NEG
La película puede ser demasiado intensa para audiencias más jóvenes debido a sus escenas de violencia.,NEG
Algunas transiciones entre escenas pueden sentirse abruptas o desconectadas.,NEG
La expectativa generada por la película puede no ser satisfecha plenamente por todos los espectadores.,NEG
"La historia es interesante, pero en algunos momentos se siente demasiado extensa.",NEU
"La ambientación es impresionante, aunque algunos efectos especiales han envejecido con el tiempo.",NEU
"La adaptación es fiel, pero ciertas omisiones del libro pueden no ser del agrado de todos.",NEU
"Los personajes están bien desarrollados, aunque algunos tienen más protagonismo que otros.",NEU
"La música es adecuada, pero en algunas escenas no logra transmitir toda la emoción esperada.",NEU
"La película logra capturar la esencia de la historia original, aunque algunos cambios en la trama pueden sorprender a los fans.",NEU
"Las escenas de batalla son épicas, pero en algunos momentos se extienden demasiado.",NEU
"El elenco es excelente, aunque algunas interpretaciones podrían haber sido más emotivas.",NEU
"La fidelidad a los libros es notable, pero algunas partes fueron simplificadas para el cine.",NEU
"La historia es fascinante, pero el ritmo podría ser un desafío para algunos espectadores.",NEU
"La película logra equilibrar acción y narrativa, aunque algunas escenas de diálogo son demasiado largas.",NEU
"La recreación del universo de Tolkien es impresionante, aunque hay detalles que se sienten artificiales.",NEU
"La mezcla de efectos prácticos y digitales funciona bien, aunque en algunos momentos se nota la diferencia.",NEU
"La película es una gran introducción a la saga, pero deja muchas preguntas abiertas.",NEU
"El diseño de vestuario y escenografía es increíble, aunque algunas vestimentas parecen demasiado nuevas.",NEU
"La historia es fácil de seguir, aunque hay momentos en los que la información se presenta muy rápido.",NEU
"La narración es envolvente, pero la cantidad de personajes puede ser abrumadora.",NEU
"La película es entretenida, pero es necesario ver las secuelas para tener una conclusión completa.",NEU
El guion carece de profundidad,NEG
Los personajes son brillantes,POS
Brillan en sus papeles,POS
Podrian estar mejor,NEU
Carece de ritmo,NEG
Podria estar mejor,NEU
Le falta fuerza y no funciona,NEG
La actuación de Russell Crowe es simplemente espectacular.,POS
Las batallas son emocionantes e impecablemente coreografiadas.,POS
La banda sonora de Hans Zimmer es inolvidable y elevadora.,POS
La dirección artística captura perfectamente la época romana.,POS
La historia está llena de momentos épicos y profundamente emotivos.,POS
El guion es inteligente y mantiene al espectador cautivado de principio a fin.,POS
Un espectáculo visual y emocional que deja una impresión duradera.,POS
"Cada escena está llena de intensidad y propósito, realmente magistral.",POS
La combinación de acción y drama está perfectamente equilibrada.,POS
Una obra maestra que redefine el género de películas históricas.,POS
Las interpretaciones secundarias también son de altísima calidad.,POS
Ridley Scott logra una dirección visualmente impresionante.,POS
Es una película que inspira y emociona al mismo tiempo.,POS
El desarrollo de los personajes principales es profundamente conmovedor.,POS
La narrativa está perfectamente estructurada y fluye con naturalidad.,POS
El diseño de producción es tan impresionante como las actuaciones.,POS
Una experiencia cinematográfica que todos deberían vivir al menos una vez.,POS
La película tiene escenas que te dejan sin aliento de principio a fin.,POS
Un relato histórico contado con maestría y precisión emocional.,POS
"Es un clásico que no deja de conmover, incluso después de varias visualizaciones.",POS
"Aunque la historia es interesante, algunas partes son algo predecibles.",NEU
"El guion tiene buenos momentos, pero carece de consistencia en algunos tramos.",NEU
El desarrollo de los personajes secundarios es algo limitado.,NEU
"La película tiene un ritmo adecuado, aunque ciertas escenas son algo largas.",NEU
Algunas secuencias no añaden demasiado al desarrollo de la narrativa.,NEU
"Los efectos visuales están bien, pero no son nada extraordinario.",NEU
"Es una película interesante, pero no llega a ser memorable en su totalidad.",NEU
"La primera mitad es emocionante, pero el final es bastante convencional.",NEU
"Cumple las expectativas, pero no aporta nada nuevo al género.",NEU
"La banda sonora es buena, aunque en algunas partes pasa desapercibida.",NEU
"Es un film sólido, pero no está exento de pequeños defectos.",NEU
"El diálogo tiene sus momentos, pero no destaca por ser particularmente profundo.",NEU
"La dirección es competente, aunque sin grandes riesgos creativos.",NEU
"El diseño de producción está bien logrado, pero no es completamente inmersivo.",NEU
"La fotografía es adecuada, pero no alcanza a ser impactante.",NEU
"Un entretenimiento decente, pero no es un imprescindible del cine.",NEU
"El protagonista destaca, pero algunos personajes secundarios son planos.",NEU
"El estilo visual es atractivo, aunque algo genérico en momentos.",NEU
"La historia tiene buen potencial, aunque no explora todas las ideas planteadas.",NEU
"Una película para disfrutar, pero no para recordar a largo plazo.",NEU
El guion carece de originalidad y parece una repetición de clichés.,NEG
La película es demasiado larga y pierde ritmo en la segunda mitad.,NEG
El final es predecible y no cumple las expectativas generadas.,NEG
El desarrollo de los personajes principales es superficial y desaprovechado.,NEG
Algunas escenas carecen de emoción y se sienten forzadas.,NEG
Las actuaciones de algunos secundarios son decepcionantes.,NEG
La trama no logra conectar emocionalmente con el espectador.,NEG
"La película intenta ser épica, pero no alcanza ese nivel.",NEG
La narrativa es confusa en algunos puntos clave.,NEG
El diseño de producción parece descuidado en varios aspectos.,NEG
La película está llena de errores históricos que distraen al espectador.,NEG
Las escenas de acción no tienen la emoción necesaria para captar la atención.,NEG
El ritmo es tan lento que es difícil mantener el interés.,NEG
"Los personajes no generan empatía, y la historia es aburrida.",NEG
El tono de la película es inconsistente y confuso.,NEG
"Las actuaciones son planas, excepto por el protagonista.",NEG
El guion tiene demasiados agujeros narrativos para ser convincente.,NEG
La música no logra impactar ni añadir valor a las escenas.,NEG
Un intento fallido de crear un clásico épico.,NEG
El exceso de exposición en los diálogos la hace tediosa.,NEG
"""Una obra maestra visual que redefine el cine moderno. Los efectos especiales son revolucionarios.""",POS
"""La trama es predecible y los personajes carecen de profundidad. Esperaba más desarrollo.""",NEG
"""Visualmente impresionante, pero la historia recuerda a otras películas. Aún así, entretenida.""",NEU
"""La banda sonora complementa perfectamente las escenas, creando una experiencia inmersiva.""",POS
"""Demasiado larga y con un ritmo lento. Me costó mantener el interés durante toda la película.""",NEG
"""Los paisajes de Pandora son simplemente asombrosos. Una delicia para los ojos.""",POS
"""Aunque los efectos son buenos, la narrativa es superficial y poco original.""",NEG
"""Las actuaciones son sólidas y aportan credibilidad a este mundo fantástico.""",POS
"""No entiendo el hype. Es una película más de ciencia ficción sin nada nuevo que ofrecer.""",NEG
"""La tecnología 3D se utiliza de manera efectiva, mejorando la experiencia cinematográfica.""",POS
"""El mensaje ecológico es loable, pero se siente forzado y sermoneador.""",NEU
"""Una experiencia cinematográfica inolvidable que combina acción, emoción y efectos de vanguardia.""",POS
"""Los personajes secundarios son planos y olvidables, restando impacto a la historia principal.""",NEG
"""La dirección artística es impecable, cada detalle del mundo alienígena está cuidadosamente elaborado.""",POS
"""El guion tiene diálogos clichés y situaciones predecibles. No aporta nada nuevo al género.""",NEG
"""Una película que marca un antes y un después en el uso de la tecnología en el cine.""",POS
"""Me dejó indiferente. No es mala, pero tampoco destaca en ningún aspecto en particular.""",NEU
"""La combinación de acción y romance está bien equilibrada, manteniendo el interés del espectador.""",POS
"""Se centra demasiado en los efectos visuales y descuida el desarrollo de la trama.""",NEG
"""Una propuesta audaz que, aunque tiene sus fallos, ofrece una experiencia única en el cine.""",NEU
"""Cada escena está llena de color y vida, transportando al espectador a otro mundo.""",POS
"""La historia de amor es superficial y poco convincente, no logra conectar emocionalmente.""",NEG
"""Un espectáculo visual que merece ser visto en la pantalla grande para apreciarlo en su totalidad.""",POS
"""El villano es unidimensional y carece de motivaciones claras, lo que lo hace poco interesante.""",NEG
"""La película logra equilibrar momentos de acción intensa con escenas emotivas y reflexivas.""",POS
"""El uso del CGI es excesivo, dando una sensación artificial a muchas escenas.""",NEG
"""Una narrativa envolvente que, junto con efectos sorprendentes, crea una experiencia memorable.""",POS
"""Aunque tiene sus defectos, es una película que vale la pena ver por su innovación técnica.""",NEU
"""La cultura Na'vi está ricamente desarrollada, aportando profundidad al universo de la película.""",POS
"""El protagonista carece de carisma y su arco de transformación es predecible.""",NEG
"""Una película que, pese a sus fallos, establece nuevos estándares en la industria cinematográfica.""",NEU
"""La fotografía y el diseño de producción son de primer nivel, creando un mundo creíble y fascinante.""",POS
"""El ritmo es irregular, con momentos que se sienten apresurados y otros que se alargan innecesariamente.""",NEG
"""Una experiencia sensorial que combina imágenes impactantes con una banda sonora envolvente.""",POS
"""La película no cumple con las altas expectativas creadas por su promoción. Se queda corta en varios aspectos.""",NEG
"""Aunque la historia es familiar, la ejecución y presentación la hacen destacar.""",NEU
"""Un logro cinematográfico que combina tecnología avanzada con una narrativa emocionalmente resonante.""",POS
"""Los diálogos son flojos y carecen de profundidad, afectando la credibilidad de los personajes.""",NEG
"""La película ofrece una reflexión sobre la relación entre humanos y naturaleza, presentada de forma poderosa.""",POS
"""No aporta nada nuevo al género de ciencia ficción. Una oportunidad desperdiciada.""",NEG
"""Una aventura épica que transporta al espectador a un mundo completamente nuevo y emocionante.""",POS
"""Se siente como una mezcla de otras películas, sin una identidad propia definida.""",NEU
"""La actuación de los protagonistas es convincente, dando vida a personajes complejos y realistas.""",POS
"""El final es predecible y carece de impacto emocional. Deja una sensación de vacío.""",NEG
"""Una película que combina espectáculo visual con una historia conmovedora y relevante.""",POS
"""Aunque visualmente atractiva, la película carece de sustancia y profundidad en su narrativa.""",NEG
"""Una épica impresionante con actuaciones destacadas y escenas de batalla memorables.""",POS
"""La película es visualmente atractiva, pero carece de profundidad en la narrativa.""",NEU
"""Las actuaciones son mediocres y la historia se aleja demasiado de la fuente original.""",NEG
"""Brad Pitt ofrece una interpretación convincente como Aquiles, aportando intensidad al personaje.""",POS
"""Aunque las escenas de acción son buenas, la película se siente demasiado larga y lenta en algunas partes.""",NEU
"""La dirección artística y los efectos visuales son de alta calidad, creando una ambientación auténtica.""",POS
"""El guion es débil y los diálogos carecen de impacto, haciendo que la trama sea poco interesante.""",NEG
"""Las secuencias de batalla están coreografiadas de manera excelente, manteniendo al espectador al borde del asiento.""",POS
"""La película toma demasiadas libertades con la historia original, lo que puede decepcionar a los puristas.""",NEU
"""Eric Bana destaca en su papel de Héctor, aportando profundidad y humanidad al personaje.""",POS
"""La química entre los personajes principales es inexistente, lo que afecta la credibilidad de sus relaciones.""",NEG
"""La banda sonora complementa perfectamente las escenas, elevando la emoción en momentos clave.""",POS
"""A pesar de un elenco estelar, la película no logra conectar emocionalmente con el público.""",NEU
"""Las escenas de combate son realistas y emocionantes, reflejando la brutalidad de la guerra.""",POS
"""La falta de desarrollo de personajes secundarios hace que la historia se sienta incompleta.""",NEG
"""La cinematografía captura la grandiosidad de la antigua Troya, transportando al espectador a esa época.""",POS
"""El ritmo irregular de la película hace que algunas partes sean aburridas y otras demasiado apresuradas.""",NEU
"""La interpretación de Peter O'Toole como Príamo es conmovedora y añade profundidad al relato.""",POS
"""La película se centra demasiado en el espectáculo visual y descuida el desarrollo de la trama.""",NEG
"""Una adaptación que, aunque no es completamente fiel al material original, ofrece entretenimiento de calidad.""",NEU
"""La representación de los conflictos internos de los personajes añade una capa de complejidad a la narrativa.""",POS
"""La falta de precisión histórica puede molestar a los conocedores de la época.""",NEU
"""Las interpretaciones de los actores principales elevan la calidad de la película, aportando credibilidad a sus roles.""",POS
"""El uso excesivo de efectos especiales resta autenticidad a algunas escenas clave.""",NEG
"""La película logra equilibrar drama y acción, manteniendo el interés del espectador durante todo el metraje.""",POS
"""Algunas subtramas se sienten forzadas y no aportan al desarrollo general de la historia.""",NEU
"""La ambientación y el vestuario reflejan un alto nivel de detalle y fidelidad a la época representada.""",POS
"""La interpretación de Orlando Bloom como Paris es poco convincente y carece de profundidad.""",NEG
"""La película ofrece una visión interesante de la mitología griega, aunque con algunas licencias creativas.""",NEU
"""La relación entre Héctor y Aquiles está bien desarrollada, aportando tensión y emoción a la trama.""",POS
"""El desenlace es predecible y carece de impacto, dejando una sensación de insatisfacción.""",NEG
"""La combinación de una sólida dirección y actuaciones destacadas resulta en una película memorable.""",POS
"""Algunos diálogos resultan artificiales y restan credibilidad a las interacciones entre personajes.""",NEU
"""La película captura la esencia de la epopeya homérica, adaptándola de manera accesible para el público moderno.""",POS
"""La duración excesiva hace que la película se sienta pesada y difícil de seguir en algunos momentos.""",NEG
"""La interacción entre los personajes principales está bien lograda, aportando profundidad a la narrativa.""",POS
"""Aunque la película tiene sus fallos, ofrece una experiencia cinematográfica entretenida y visualmente atractiva.""",NEU
"""La dirección de Wolfgang Petersen aporta una visión épica y grandiosa a la historia clásica.""",POS
"""La falta de desarrollo en algunos personajes secundarios deja huecos en la trama.""",NEG
"""La película logra transmitir la magnitud y el drama de la legendaria guerra de Troya de manera efectiva.""",POS
"""Una representación magistral de la vida de Hipatia. Rachel Weisz ofrece una actuación conmovedora.""",POS
"""Aunque la ambientación es impresionante, la narrativa se siente lenta y pesada en algunos momentos.""",NEU
"""La película distorsiona hechos históricos y presenta una visión sesgada de los eventos.""",NEG
"""La dirección artística y la cinematografía son de primer nivel, transportando al espectador al Egipto antiguo.""",POS
"""Las actuaciones secundarias carecen de profundidad, lo que resta impacto a la trama principal.""",NEG
"""Una obra que invita a la reflexión sobre la relación entre ciencia y religión, muy relevante en la actualidad.""",POS
"""El ritmo de la película es irregular, con escenas que se alargan innecesariamente.""",NEU
"""La banda sonora complementa perfectamente la atmósfera de la película, elevando la experiencia.""",POS
"""Se toma demasiadas libertades creativas con la historia, lo que puede molestar a los puristas.""",NEG
"""Una exploración profunda y conmovedora de los conflictos ideológicos de la época.""",POS
"""La falta de desarrollo de algunos personajes hace que ciertas subtramas se sientan incompletas.""",NEU
"""Visualmente impresionante, con una atención al detalle que enriquece cada escena.""",POS
"""La película presenta una visión parcializada que podría no ser del agrado de todos los espectadores.""",NEG
"""Las secuencias de debate filosófico son estimulantes y están bien ejecutadas.""",POS
"""Aunque la temática es interesante, la ejecución deja que desear en varios aspectos.""",NEU
"""Una narrativa poderosa que destaca la lucha por el conocimiento en tiempos de oscurantismo.""",POS
"""El guion presenta diálogos que, en ocasiones, resultan artificiales y poco naturales.""",NEG
"""La recreación histórica es detallada y auténtica, sumergiendo al espectador en la época.""",POS
"""La película podría haber profundizado más en las motivaciones de los personajes principales.""",NEU
"""Una obra cinematográfica que combina historia, filosofía y drama de manera magistral.""",POS
"""La representación de los conflictos religiosos es demasiado simplista y maniquea.""",NEG
"""Rachel Weisz brilla en su interpretación de Hipatia, aportando humanidad y profundidad al personaje.""",POS
"""Algunas escenas se sienten forzadas y no aportan al desarrollo de la trama.""",NEU
"""Una película que desafía al espectador a cuestionar dogmas y valorar el pensamiento crítico.""",POS
"""La duración excesiva hace que la película pierda impacto hacia el final.""",NEG
"""La combinación de elementos históricos y dramáticos está bien equilibrada, manteniendo el interés.""",POS
"""Aunque presenta temas importantes, la película no logra conectar emocionalmente con el público.""",NEU
"""Una representación valiente de una figura histórica olvidada, presentada con gran sensibilidad.""",POS
"""La falta de acción puede hacer que algunos espectadores la encuentren aburrida.""",NEG
"""El diseño de vestuario y escenografía es impecable, reflejando una investigación meticulosa.""",POS
"""La narrativa no lineal puede confundir a ciertos espectadores.""",NEU
"""Una película que destaca la importancia de la razón y el conocimiento en tiempos turbulentos.""",POS
"""La representación de los cristianos es estereotipada y puede resultar ofensiva para algunos.""",NEG
"""La dirección de Amenábar aporta una visión única y profunda de la historia.""",POS
"""Aunque tiene momentos brillantes, en conjunto la película se siente desigual.""",NEU
"""Una obra que combina belleza visual con profundidad intelectual, dejando una impresión duradera.""",POS
"""El enfoque en debates filosóficos puede no ser del agrado de quienes buscan acción.""",NEG
"""La película logra transmitir la tensión y el fervor de una época de cambios radicales.""",POS
"""Algunos personajes carecen de desarrollo, lo que limita su impacto en la historia.""",NEU
"""Una exploración cinematográfica de la lucha entre fe y razón, presentada de manera conmovedora.""",POS
"""Una epopeya impresionante que captura la esencia de la lucha por la libertad. Mel Gibson ofrece una actuación y dirección magistrales.""",POS
"""Aunque la cinematografía es hermosa, la película se toma demasiadas libertades históricas que pueden molestar a los puristas.""",NEU
"""A pesar de sus logros técnicos, la narrativa se siente demasiado melodramática y prolongada.""",NEG
"""Las escenas de batalla están coreografiadas de manera excepcional, sumergiendo al espectador en la brutalidad del conflicto.""",POS
"""La duración de casi tres horas se siente excesiva, con momentos que podrían haberse acortado para mantener el ritmo.""",NEU
"""La banda sonora es poderosa y complementa perfectamente la intensidad emocional de la trama.""",POS
"""Mel Gibson ofrece una interpretación apasionada, pero algunos diálogos caen en el cliché y restan autenticidad.""",NEU
"""La película inspira con su mensaje de valentía y sacrificio, dejando una impresión duradera.""",POS
"""Aunque las actuaciones son sólidas, la representación de ciertos personajes históricos es demasiado simplista.""",NEU
"""Una obra maestra del cine épico que combina acción, drama y emoción de manera impecable.""",POS
"""La violencia gráfica puede ser excesiva para algunos espectadores, restando enfoque a la narrativa central.""",NEU
"""La fotografía captura la majestuosidad de los paisajes escoceses, aportando una atmósfera auténtica.""",POS
"""A pesar de su ambición, la película no logra profundizar en las motivaciones de los personajes secundarios.""",NEU
"""La química entre los actores principales aporta credibilidad a las relaciones presentadas en pantalla.""",POS
"""La representación de los ingleses es caricaturesca, lo que puede restar complejidad al conflicto histórico.""",NEU
"""Una narrativa poderosa que resuena con temas universales de lucha y resistencia.""",POS
"""La falta de precisión histórica es notable y puede distraer a los espectadores conocedores del período.""",NEU
"""Las secuencias de batalla son intensas y están filmadas con una energía contagiosa.""",POS
"""Aunque la historia es conmovedora, el guion presenta momentos predecibles que disminuyen su impacto.""",NEU
"""Una película que evoca una amplia gama de emociones y deja una huella indeleble en el espectador.""",POS
"""La dirección de Gibson es ambiciosa, pero en ocasiones la película se siente demasiado centrada en su personaje.""",NEU
"""La combinación de música, actuación y cinematografía crea una experiencia cinematográfica inolvidable.""",POS
"""Algunos diálogos resultan anacrónicos y pueden sacar al espectador de la inmersión histórica.""",NEU
"""La película logra equilibrar momentos de acción intensa con escenas emotivas y reflexivas.""",POS
"""La representación de las mujeres en la película es limitada y carece de profundidad.""",NEU
"""Una obra que trasciende el género bélico y se convierte en un estudio sobre la determinación humana.""",POS
"""La narrativa se toma libertades creativas que, aunque dramáticas, distorsionan eventos históricos clave.""",NEU
"""La actuación de Patrick McGoohan como el rey Eduardo I aporta una presencia formidable al antagonista.""",POS
"""La película podría haber explorado más a fondo las complejidades políticas de la época en lugar de centrarse únicamente en la acción.""",NEU
"""Una historia inspiradora que celebra el espíritu indomable de aquellos que luchan por su libertad.""",POS
"""La falta de desarrollo de algunos personajes secundarios deja huecos en la narrativa.""",NEU
"""La cinematografía y el diseño de producción transportan al espectador a la Escocia medieval de manera efectiva.""",POS
"""Aunque la película tiene momentos de brillantez, en conjunto se siente algo sobrevalorada.""",NEU
"""La representación de la cultura escocesa es apasionada y llena de orgullo nacional.""",POS
"""La película recurre a estereotipos que pueden simplificar en exceso el conflicto histórico.""",NEU
"""Una epopeya cinematográfica que combina espectáculo visual con una narrativa conmovedora.""",POS
"""La duración y el ritmo pueden hacer que algunos espectadores pierdan interés hacia el final.""",NEU
"""La interpretación de Sophie Marceau añade una dimensión romántica y trágica a la historia.""",POS
"""La película, aunque entretenida, no aporta una nueva perspectiva al género de películas históricas.""",NEU
"""Una película de acción intensa que mantiene al espectador al borde del asiento.""",POS
"""Aunque las escenas de batalla son impresionantes, la trama carece de profundidad.""",NEU
"""Las actuaciones son mediocres y no logran transmitir la emoción necesaria.""",NEG
"""La cinematografía captura de manera espectacular los paisajes escoceses.""",POS
"""La película ofrece una visión interesante de la historia romana, aunque con algunas licencias creativas.""",NEU
"""El guion es predecible y no aporta nada nuevo al género.""",NEG
"""Michael Fassbender entrega una actuación convincente y llena de energía.""",POS
"""La banda sonora complementa adecuadamente las escenas de acción.""",NEU
"""La falta de desarrollo de personajes hace que la historia se sienta plana.""",NEG
"""Las secuencias de batalla están coreografiadas de manera impresionante.""",POS
"""Aunque la ambientación es auténtica, la narrativa se siente apresurada.""",NEU
"""La película no logra conectar emocionalmente con el espectador.""",NEG
"""Una representación visceral de la lucha por la supervivencia en tiempos antiguos.""",POS
"""El ritmo de la película es inconsistente, con momentos de acción seguidos de largas pausas.""",NEU
"""Los diálogos carecen de profundidad y parecen forzados.""",NEG
"""La dirección de Neil Marshall aporta una visión cruda y realista de la época.""",POS
"""Aunque la historia es interesante, la ejecución deja que desear.""",NEU
"""La violencia excesiva puede ser perturbadora para algunos espectadores.""",NEG
"""Una película que combina acción trepidante con una ambientación histórica detallada.""",POS
"""El final se siente abrupto y deja preguntas sin respuesta.""",NEU
"""Las actuaciones secundarias no están a la altura del protagonista.""",NEG
"""La recreación de la época es impresionante y muestra una atención al detalle notable.""",POS
"""La trama es sencilla y no ofrece giros inesperados.""",NEU
"""La falta de contexto histórico puede confundir a algunos espectadores.""",NEG
"""Una película que destaca por su realismo y crudeza en las escenas de combate.""",POS
"""Aunque el argumento es simple, la ejecución es efectiva.""",NEU
"""La película se centra demasiado en la acción y descuida el desarrollo de personajes.""",NEG
"""La fotografía y el uso de locaciones naturales aportan autenticidad a la historia.""",POS
"""El guion podría haber profundizado más en las motivaciones de los personajes.""",NEU
"""La narrativa se siente fragmentada y carece de cohesión.""",NEG
"""Una obra que captura la brutalidad de la guerra en la antigüedad de manera efectiva.""",POS
"""Aunque las actuaciones son sólidas, la historia no logra destacar.""",NEU
"""La película recurre a clichés del género que la hacen predecible.""",NEG
"""La combinación de acción y drama histórico está bien equilibrada.""",POS
"""El desarrollo de la trama es lineal y sin sorpresas.""",NEU
"""La falta de profundidad en los personajes principales limita el impacto emocional de la historia.""",NEG
"""Una representación intensa y emocionante de la lucha de los soldados romanos por sobrevivir.""",POS
"""Aunque la película tiene momentos destacados, en general es olvidable.""",NEU
"""La dirección artística y el vestuario reflejan una investigación cuidadosa de la época.""",POS
"""La película intenta ser épica, pero se siente como una historia genérica de supervivencia sin alma.""",NEG
"""Los personajes son completamente planos, apenas tienen desarrollo o motivaciones claras.""",NEG
"""Los efectos visuales y la cinematografía son oscuros y poco atractivos, dificultando la inmersión.""",NEG
"""La historia es tan olvidable que al final de la película apenas te importa lo que pasa con los protagonistas.""",NEG
"""El ritmo es irregular, con escenas de acción aceleradas seguidas de largos momentos de tedio.""",NEG
"""Las relaciones entre los personajes no tienen química y parecen forzadas dentro de la trama.""",NEG
"""El villano carece de presencia o motivaciones claras, haciendo que la historia se sienta vacía.""",NEG
"""Muchas escenas de lucha se sienten repetitivas y carecen de originalidad o emoción.""",NEG
"""La dirección de Neil Marshall no aporta nada novedoso y se siente como una película más del montón.""",NEG
"""Se desaprovecha completamente el contexto histórico, usando la ambientación solo como un telón de fondo.""",NEG
"""Los diálogos son básicos y sin fuerza, como si fueran escritos sin pensar en la personalidad de los personajes.""",NEG
"""Esperaba una historia intensa y atrapante, pero solo obtuve un intento fallido de cine épico sin identidad propia.""",NEG
"""La película intenta ser épica, pero se siente como una historia genérica de supervivencia sin alma.""",NEG
"""Los personajes son completamente planos, apenas tienen desarrollo o motivaciones claras.""",NEG
"""Los efectos visuales y la cinematografía son oscuros y poco atractivos, dificultando la inmersión.""",NEG
"""La historia es tan olvidable que al final de la película apenas te importa lo que pasa con los protagonistas.""",NEG
"""El ritmo es irregular, con escenas de acción aceleradas seguidas de largos momentos de tedio.""",NEG
"""Las relaciones entre los personajes no tienen química y parecen forzadas dentro de la trama.""",NEG
"""El villano carece de presencia o motivaciones claras, haciendo que la historia se sienta vacía.""",NEG
"""Muchas escenas de lucha se sienten repetitivas y carecen de originalidad o emoción.""",NEG
"""La dirección de Neil Marshall no aporta nada novedoso y se siente como una película más del montón.""",NEG
"""Se desaprovecha completamente el contexto histórico, usando la ambientación solo como un telón de fondo.""",NEG
"""Los diálogos son básicos y sin fuerza, como si fueran escritos sin pensar en la personalidad de los personajes.""",NEG
"""Esperaba una historia intensa y atrapante, pero solo obtuve un intento fallido de cine épico sin identidad propia.""",NEG
"""Una obra maestra que captura magistralmente la esencia de Napoleón y su época.""",POS
"""Las escenas de batalla son impresionantes y te sumergen completamente en la acción.""",POS
"""Joaquin Phoenix ofrece una interpretación poderosa y convincente del emperador francés.""",POS
"""La dirección de Ridley Scott es impecable, mostrando su maestría en el cine épico.""",POS
"""La cinematografía es espectacular, con imágenes que quedan grabadas en la memoria.""",POS
"""Vanessa Kirby brilla como Josefina, aportando profundidad y emoción al personaje.""",POS
"""La banda sonora complementa perfectamente la narrativa, elevando cada escena.""",POS
"""Un retrato fascinante de una figura histórica compleja, contado con gran habilidad.""",POS
"""Las secuencias de batalla están coreografiadas de manera magistral, mostrando la brutalidad de la guerra.""",POS
"""El guion equilibra hábilmente la política, la guerra y la vida personal de Napoleón.""",POS
"""Una película que combina historia y drama de manera excepcional.""",POS
"""La ambientación y el diseño de producción transportan al espectador al siglo XIX.""",POS
"""Las actuaciones secundarias aportan solidez y credibilidad a la narrativa.""",POS
"""Ridley Scott demuestra una vez más su capacidad para crear epopeyas cinematográficas.""",POS
"""La relación entre Napoleón y Josefina está retratada con profundidad y autenticidad.""",POS
"""Una experiencia cinematográfica que deja una impresión duradera.""",POS
"""El ritmo de la película mantiene al espectador enganchado de principio a fin.""",POS
"""Una lección de historia presentada de forma entretenida y emocionante.""",POS
"""La película ofrece una nueva perspectiva sobre la vida y logros de Napoleón.""",POS
"""Un espectáculo visual y narrativo que satisface tanto a aficionados a la historia como a amantes del cine.""",POS
"""La película carece de profundidad en el desarrollo de los personajes principales.""",NEG
"""A pesar de las impresionantes escenas de batalla, la narrativa se siente superficial.""",NEG
"""Joaquin Phoenix no logra capturar la complejidad de Napoleón, ofreciendo una interpretación plana.""",NEG
"""La duración excesiva hace que la película se sienta tediosa en varios momentos.""",NEG
"""Se toman demasiadas libertades históricas que restan credibilidad al relato.""",NEG
"""La relación entre Napoleón y Josefina carece de química y profundidad.""",NEG
"""El guion es predecible y no aporta nuevas perspectivas sobre la figura histórica.""",NEG
"""Las actuaciones secundarias son olvidables y no aportan al desarrollo de la trama.""",NEG
"""La banda sonora es genérica y no destaca en ningún momento clave.""",NEG
"""La dirección de Ridley Scott se siente mecánica y sin inspiración.""",NEG
"""La película no logra conectar emocionalmente con el espectador.""",NEG
"""El enfoque en las batallas eclipsa otros aspectos importantes de la vida de Napoleón.""",NEG
"""La cinematografía, aunque técnicamente correcta, carece de innovación.""",NEG
"""Se siente como una oportunidad desperdiciada para explorar la psique de Napoleón.""",NEG
"""El montaje es irregular, afectando el flujo de la narrativa.""",NEG
"""La falta de precisión histórica puede molestar a los entusiastas de la historia.""",NEG
"""Las escenas románticas son forzadas y carecen de autenticidad.""",NEG
"""El final es anticlimático y deja muchas preguntas sin respuesta.""",NEG
"""La película intenta abarcar demasiado, resultando en una narrativa dispersa.""",NEG
"""Una representación superficial de una figura histórica tan compleja.""",NEG
"""La película ofrece una visión general de la vida de Napoleón sin profundizar demasiado.""",NEU
"""Las escenas de batalla son destacables, pero la narrativa en conjunto es estándar.""",NEU
"""Joaquin Phoenix presenta una interpretación correcta, aunque no memorable.""",NEU
"""La dirección es competente, pero no aporta nada nuevo al género histórico.""",NEU
"""La cinematografía es adecuada, con algunos momentos visuales interesantes.""",NEU
"""Vanessa Kirby cumple con su papel, aunque el guion no le da mucho con qué trabajar.""",NEU
"""La banda sonora acompaña bien, pero no se destaca por sí misma.""",NEU
"""Una película que entretiene, pero no deja una impresión duradera.""",NEU
"""El guion sigue una estructura convencional sin sorpresas.""",NEU
"""La ambientación histórica es correcta, aunque con algunas licencias creativas.""",NEU
"""Las actuaciones secundarias son competentes, pero no sobresalientes.""",NEU
"""La relación entre Napoleón y Josefina está presentada de manera funcional.""",NEU
"""El ritmo es consistente, aunque carece de momentos verdaderamente emocionantes.""",NEU
"""Una representación aceptable de Napoleón, sin profundizar en su complejidad.""",NEU
"""La película equilibra acción y drama de forma estándar.""",NEU
"""El diseño de vestuario y escenarios es apropiado para la época.""",NEU
"""No es la mejor obra de Ridley Scott, pero tampoco la peor.""",NEU
"""La película ofrece una mezcla de acción y drama sin llegar a destacar en ninguno de los dos.""",NEU
"""El retrato de Napoleón es interesante, aunque no aporta una visión particularmente innovadora.""",NEU
"""Una experiencia cinematográfica aceptable, pero que no logra dejar una huella profunda.""",NEU